Ref,Var,Lung-AdenoCA::SP53460,Lung-AdenoCA::SP50827
AC,CA,1,0
AC,CG,0,2
AC,CT,0,2
AC,GA,2,1
AC,GG,0,0
AC,GT,0,0
AC,TA,4,3
AC,TG,1,0
AC,TT,12,4
AT,CA,1,0
AT,CC,0,0
AT,CG,0,0
AT,GA,0,1
AT,GC,0,0
AT,TA,2,2
CC,AA,719,415
CC,AG,82,51
CC,AT,86,34
CC,GA,16,15
CC,GG,1,1
CC,GT,6,3
CC,TA,20,4
CC,TG,2,1
CC,TT,24,11
CG,AT,3,0
CG,GC,1,0
CG,GT,2,5
CG,TA,0,0
CG,TC,2,3
CG,TT,8,10
CT,AA,43,29
CT,AC,5,4
CT,AG,8,5
CT,GA,3,1
CT,GC,2,0
CT,GG,1,2
CT,TA,8,12
CT,TC,3,1
CT,TG,4,1
GC,AA,17,14
GC,AG,5,4
GC,AT,3,1
GC,CA,4,2
GC,CG,0,0
GC,TA,3,1
TA,AT,4,2
TA,CG,1,0
TA,CT,6,2
TA,GC,0,0
TA,GG,1,0
TA,GT,3,2
TC,AA,30,19
TC,AG,3,0
TC,AT,8,0
TC,CA,3,4
TC,CG,1,0
TC,CT,3,7
TC,GA,2,1
TC,GG,1,1
TC,GT,1,6
TG,AA,13,3
TG,AC,0,3
TG,AT,37,27
TG,CA,1,2
TG,CC,1,0
TG,CT,42,35
TG,GA,2,3
TG,GC,0,1
TG,GT,4,9
TT,AA,6,4
TT,AC,1,2
TT,AG,4,2
TT,CA,0,0
TT,CC,1,3
TT,CG,0,0
TT,GA,0,0
TT,GC,0,0
TT,GG,0,0
