Mutation type,Trinucleotide,Lung-AdenoCA::SP53460,Lung-AdenoCA::SP50827
C>A,ACA,2412,1709
C>A,ACC,1285,1052
C>A,ACG,454,424
C>A,ACT,1807,1163
C>A,CCA,3015,2056
C>A,CCC,2357,1847
C>A,CCG,630,508
C>A,CCT,2419,1785
C>A,GCA,1543,1259
C>A,GCC,1268,996
C>A,GCG,444,376
C>A,GCT,1084,849
C>A,TCA,2010,1517
C>A,TCC,1911,1370
C>A,TCG,299,236
C>A,TCT,2211,1601
C>G,ACA,579,413
C>G,ACC,239,174
C>G,ACG,87,69
C>G,ACT,393,298
C>G,CCA,355,274
C>G,CCC,304,237
C>G,CCG,115,97
C>G,CCT,331,262
C>G,GCA,358,228
C>G,GCC,271,174
C>G,GCG,104,93
C>G,GCT,281,171
C>G,TCA,642,511
C>G,TCC,454,345
C>G,TCG,89,88
C>G,TCT,912,675
C>T,ACA,724,562
C>T,ACC,314,245
C>T,ACG,243,303
C>T,ACT,494,316
C>T,CCA,842,717
C>T,CCC,669,470
C>T,CCG,241,249
C>T,CCT,950,685
C>T,GCA,440,338
C>T,GCC,316,285
C>T,GCG,193,219
C>T,GCT,366,275
C>T,TCA,1127,1066
C>T,TCC,698,595
C>T,TCG,167,206
C>T,TCT,1013,808
T>A,ATA,652,399
T>A,ATC,227,164
T>A,ATG,536,384
T>A,ATT,392,265
T>A,CTA,664,389
T>A,CTC,472,300
T>A,CTG,1072,735
T>A,CTT,685,353
T>A,GTA,438,288
T>A,GTC,162,143
T>A,GTG,492,353
T>A,GTT,281,182
T>A,TTA,670,336
T>A,TTC,239,199
T>A,TTG,402,304
T>A,TTT,523,277
T>C,ATA,781,603
T>C,ATC,132,100
T>C,ATG,403,390
T>C,ATT,376,327
T>C,CTA,351,245
T>C,CTC,191,129
T>C,CTG,258,210
T>C,CTT,276,212
T>C,GTA,326,220
T>C,GTC,133,75
T>C,GTG,170,155
T>C,GTT,249,177
T>C,TTA,347,262
T>C,TTC,146,121
T>C,TTG,161,134
T>C,TTT,245,217
T>G,ATA,130,123
T>G,ATC,51,38
T>G,ATG,104,77
T>G,ATT,73,77
T>G,CTA,87,53
T>G,CTC,46,45
T>G,CTG,139,127
T>G,CTT,141,142
T>G,GTA,66,39
T>G,GTC,36,19
T>G,GTG,114,87
T>G,GTT,60,59
T>G,TTA,114,84
T>G,TTC,72,34
T>G,TTG,200,131
T>G,TTT,189,180
